label_name,sample_count,brain_area_ratio,csf_like_ratio,gray_matter_like_ratio,white_matter_like_ratio,silhouette_score,edge_alignment_score,connected_components,otsu_threshold,tissue_threshold_1,tissue_threshold_2
Mild_Demented,20,0.4189727783203125,0.260203698715518,0.3534508512898322,0.38634544999464976,0.5725226715052908,2.7520562052726745,1.0,91.6,115.35,177.45
Moderate_Demented,20,0.423187255859375,0.26968675734783903,0.34145571396954033,0.3888575286826207,0.5739157742143995,2.7414990782737734,1.0,93.0,117.55,180.0
Non_Demented,20,0.4423004150390625,0.26072861079070353,0.3466329139296249,0.39263847527967155,0.576548111490682,2.821206271648407,1.0,92.9,118.85,181.25
Very_Mild_Demented,20,0.4302886962890625,0.26364302038878173,0.3511830507317844,0.38517392887943386,0.5736325430732014,2.6804860711097716,1.0,91.75,114.9,177.6
